-- ******************************************************************
-- Insertar Unidades de aprendizaje
-- ******************************************************************
insert into UnidadAprendizaje values ('C330','ADMINISTRACION DE PROYECTOS');
insert into UnidadAprendizaje values ('C404','ADMINISTRACION DE SERVICIOS EN RED');
insert into UnidadAprendizaje values ('C226','ADMINISTRACION FINANCIERA');
insert into UnidadAprendizaje values ('C364','ADVANCED ARCHITECTURES');
insert into UnidadAprendizaje values ('C365','ADVANCED COMPUTING SYSTEMS PROGRAMMING');
insert into UnidadAprendizaje values ('C108','ALGEBRA LINEAL');
insert into UnidadAprendizaje values ('C335','ANALISIS DE ALGORITMOS');
insert into UnidadAprendizaje values ('C112','ANALISIS FUNDAMENTAL DE CIRCUITOS');
insert into UnidadAprendizaje values ('C104','ANALISIS VECTORIAL');
insert into UnidadAprendizaje values ('C224','ANALISIS Y DISEÑO ORIENTADO A OBJETOS');
insert into UnidadAprendizaje values ('C333','APLICACIONES PARA COMUNICACIONES DE RED');
insert into UnidadAprendizaje values ('C351','APPLICATION DEVELOPMENT FOR MOBILE DEVICES');
insert into UnidadAprendizaje values ('C327','ARQUITECTURA DE COMPUTADORAS');
insert into UnidadAprendizaje values ('C349','ARTIFICIAL INTELLIGENCE');
insert into UnidadAprendizaje values ('C217','BASES DE DATOS');
insert into UnidadAprendizaje values ('C750','BASES DE DATOS DISTRIBUIDAS I');
insert into UnidadAprendizaje values ('C366','BASIC PROCESSING DIGITAL SIGNAL');
insert into UnidadAprendizaje values ('C103','CALCULO');
insert into UnidadAprendizaje values ('A104','CALCULO ');
insert into UnidadAprendizaje values ('B104','CALCULO ');
insert into UnidadAprendizaje values ('C109','CALCULO APLICADO');
insert into UnidadAprendizaje values ('C328','COMPILADORES');
insert into UnidadAprendizaje values ('C355','COMPUTATIONAL GEOMETRY');
insert into UnidadAprendizaje values ('C343','COMPUTER ANIMATION');
insert into UnidadAprendizaje values ('C342','COMPUTER GRAPHICS');
insert into UnidadAprendizaje values ('C378','COMPUTING SELECTED TOPICS');
insert into UnidadAprendizaje values ('C105','COMUNICACION ORAL Y ESCRITA');
insert into UnidadAprendizaje values ('C111','COMUNICACION ORAL Y ESCRITA');
insert into UnidadAprendizaje values ('A103','COMUNICACIÓN ORAL Y ESCRITA ');
insert into UnidadAprendizaje values ('B103','COMUNICACIÓN ORAL Y ESCRITA ');
insert into UnidadAprendizaje values ('O843','COMUNICACIONES EMBEBIDAS AUTOMOTRICES');
insert into UnidadAprendizaje values ('C338','CRYPTOGRAPHY');
insert into UnidadAprendizaje values ('C347','DATA BASE SELECTED TOPICS');
insert into UnidadAprendizaje values ('C346','DATA MINING');
insert into UnidadAprendizaje values ('C405','DESARROLLO DE SISTEMAS DISTRIBUIDOS');
insert into UnidadAprendizaje values ('C221','DISEÑO DE SISTEMAS DIGITALES');
insert into UnidadAprendizaje values ('C345','DISTRIBUTED DATA BASE');
insert into UnidadAprendizaje values ('C358','ECONOMIC ENGINEERING');
insert into UnidadAprendizaje values ('C107','ECUACIONES DIFERENCIALES');
insert into UnidadAprendizaje values ('C219','ELECTRONICA ANALOGICA');
insert into UnidadAprendizaje values ('C110','ESTRUCTURAS DE DATOS');
insert into UnidadAprendizaje values ('S848','EVALUACION ECONOMICA DE PROYECTOS');
insert into UnidadAprendizaje values ('C337','EVOLUTIONARY COMPUTING');
insert into UnidadAprendizaje values ('C215','FUNDAMENTOS DE DISEÑO DIGITAL');
insert into UnidadAprendizaje values ('C101','FUNDAMENTOS DE PROGRAMACION');
insert into UnidadAprendizaje values ('A101','FUNDAMENTOS DE PROGRAMACIÓN ');
insert into UnidadAprendizaje values ('B101','FUNDAMENTOS DE PROGRAMACIÓN ');
insert into UnidadAprendizaje values ('C214','FUNDAMENTOS ECONOMICOS');
insert into UnidadAprendizaje values ('B106','FUNDAMENTOS ECONOMICOS ');
insert into UnidadAprendizaje values ('C374','GENETIC ALGORITHMS');
insert into UnidadAprendizaje values ('C401','GESTION EMPRESARIAL');
insert into UnidadAprendizaje values ('C361','HIGH TECHNOLOGY ENTERPRISE MANAGEMENT');
insert into UnidadAprendizaje values ('S849','HUMANIDADES V: EL HUMANISMO FRENTE A LA GLOBALIZACION');
insert into UnidadAprendizaje values ('C348','IMAGE ANALYSIS');
insert into UnidadAprendizaje values ('C329','INGENIERIA DE SOFTWARE');
insert into UnidadAprendizaje values ('C106','INGENIERIA ETICA Y SOCIEDAD');
insert into UnidadAprendizaje values ('C331','INSTRUMENTACION');
insert into UnidadAprendizaje values ('A105','INTRODUCCION A LA CIENCIA DE DATOS ');
insert into UnidadAprendizaje values ('C334','INTRODUCCION A LOS MICROCONTROLADORES');
insert into UnidadAprendizaje values ('C360','IT GOVERNANCE');
insert into UnidadAprendizaje values ('C403','LIDERAZGO Y DESARROLLO PROFESIONAL');
insert into UnidadAprendizaje values ('C213','MATEMATICAS AVANZADAS PARA LA INGENIERIA');
insert into UnidadAprendizaje values ('C102','MATEMATICAS DISCRETAS');
insert into UnidadAprendizaje values ('A102','MATEMATICAS DISCRETAS ');
insert into UnidadAprendizaje values ('B102','MATEMATICAS DISCRETAS ');
insert into UnidadAprendizaje values ('B105','MECANICA Y ELECTROMAGNETISMO ');
insert into UnidadAprendizaje values ('C380','METODOS CUANTITATIVOS PARA LA TOMA DE DECISIONES');
insert into UnidadAprendizaje values ('C350','NEURAL NETWORKS');
insert into UnidadAprendizaje values ('C344','PATTERN RECOGNITION');
insert into UnidadAprendizaje values ('C222','PROBABILIDAD Y ESTADISTICA');
insert into UnidadAprendizaje values ('O844','PROGRAMA DE DISPOSITIVOS MOVILES AUTOMOTRICES');
insert into UnidadAprendizaje values ('C218','PROGRAMACION ORIENTADA A OBJETOS');
insert into UnidadAprendizaje values ('C220','REDES DE COMPUTADORAS');
insert into UnidadAprendizaje values ('O845','SISTEMAS INTELIGENTES DEL AUTOMOVIL');
insert into UnidadAprendizaje values ('C223','SISTEMAS OPERATIVOS');
insert into UnidadAprendizaje values ('C353','SOFTWARE ENGINEERING FOR MOBILE DEVICES');
insert into UnidadAprendizaje values ('C225','TECNOLOGIAS PARA LA WEB');
insert into UnidadAprendizaje values ('C216','TEORIA COMPUTACIONAL');
insert into UnidadAprendizaje values ('C332','TEORIA DE COMUNICACIONES Y SEÑALES');
insert into UnidadAprendizaje values ('O846','TOPICOS SELECTOS DE INGENIERIA II');
insert into UnidadAprendizaje values ('C402','TRABAJO TERMINAL I');
insert into UnidadAprendizaje values ('C501','TRABAJO TERMINAL II');
insert into UnidadAprendizaje values ('C850','TRABAJO TERMINAL II');
insert into UnidadAprendizaje values ('C352','WEB APPLICATION DEVELOPMENT');
insert into UnidadAprendizaje values ('C339','WEB SECURITY');
-- ******************************************************************
-- Insertar alumnos
-- ******************************************************************
insert into Alumno (noBoleta, apellidoPaterno, apellidoMaterno, nombre, CURP, email) values('2014041111','PEREZ','PEREZ','PEDRO','PEPP980613HDFLCR04','correo1@hotmail.com');
insert into Alumno (noBoleta, apellidoPaterno, apellidoMaterno, nombre, CURP, email) values('2014081112','ANTONIO','ANTONIO','ANTONIO','AOAA980314HDFPRR03','correo2@gmail.com');
-- ******************************************************************
-- Insertar grupos
-- ******************************************************************
insert into Grupo(secuencia, nivelSemestre, idUnidadAprendizaje, noBoleta) values('3CM4',3,'C351','2014041111');
insert into Grupo(secuencia, nivelSemestre, idUnidadAprendizaje, noBoleta) values('3CM4',3,'C352','2014041111');
insert into Grupo(secuencia, nivelSemestre, idUnidadAprendizaje, noBoleta) values('3CM5',3,'C333','2014041111');
insert into Grupo(secuencia, nivelSemestre, idUnidadAprendizaje, noBoleta) values('3CM6',3,'C334','2014041111');
insert into Grupo(secuencia, nivelSemestre, idUnidadAprendizaje, noBoleta) values('3CM8',3,'C328','2014041111');
insert into Grupo(secuencia, nivelSemestre, idUnidadAprendizaje, noBoleta) values('3CM1',3,'C331','2014081112');
insert into Grupo(secuencia, nivelSemestre, idUnidadAprendizaje, noBoleta) values('3CM2',3,'C327','2014081112');
insert into Grupo(secuencia, nivelSemestre, idUnidadAprendizaje, noBoleta) values('3CM4',3,'C352','2014081112');
insert into Grupo(secuencia, nivelSemestre, idUnidadAprendizaje, noBoleta) values('3CM5',3,'C333','2014081112');
insert into Grupo(secuencia, nivelSemestre, idUnidadAprendizaje, noBoleta) values('3CM5',3,'C360','2014081112');
-- ******************************************************************
-- Insertar admins
-- ******************************************************************
insert into Admin (noBoleta, apellidoPaterno, apellidoMaterno, nombre, CURP, email) values('2015301321','MUJICA','MARQUEZ','VICTOR EDGAR','MUMV960130HMCJRC05','vemmkof@gmail.com');